,right_skewed__liveness,right_skewed__speechiness,right_skewed__duration_s,remainder__acousticness,remainder__danceability,remainder__tempo,remainder__valence,remainder__popularity,name,album
0,-0.5908433359818877,-0.8626445197435729,-0.05786378645344239,0.4908920678352755,-0.6513366685432127,2.112395183807659,-0.5524434854372902,1.8308612135728257,Fortnight (feat. Post Malone),THE TORTURED POETS DEPARTMENT: THE ANTHOLOGY
1,0.12893196835912427,-1.3118369589550356,1.2575376071662108,-0.8951453536550645,0.22060986147095638,-0.4402991583944033,-0.49284767882609104,1.4356631223503986,The Tortured Poets Department,THE TORTURED POETS DEPARTMENT: THE ANTHOLOGY
2,1.7939077347204226,-1.1869139421388935,-0.7403150772321331,-0.6241699970621768,0.15085413906982276,-0.8520653532231564,0.5311166347663334,1.567395819424541,My Boy Only Breaks His Favorite Toys,THE TORTURED POETS DEPARTMENT: THE ANTHOLOGY
3,-0.633483248771806,1.1906489441333976,0.6628552892509433,0.6680800123943229,-0.32871645243796976,1.1038396859778223,-1.1646549533523376,1.8308612135728257,Down Bad,THE TORTURED POETS DEPARTMENT: THE ANTHOLOGY
4,-1.0340824679626794,2.196510785060535,0.7033078893013278,1.1874239878260129,-1.35761335785469,1.1197969531974106,-0.7312309052708882,1.567395819424541,"So Long, London",THE TORTURED POETS DEPARTMENT: THE ANTHOLOGY
5,0.30406475526813553,1.7048516372394922,1.9678718328945697,0.13040624959445532,-0.5031057584408039,-1.3869929216606305,0.2981512089225544,1.6991285164986834,But Daddy I Love Him,THE TORTURED POETS DEPARTMENT: THE ANTHOLOGY
6,-0.20312707001990468,-0.22520344620980037,-0.5365617485287356,0.8635977443215472,-2.1685236307678672,-1.1630290850678946,-0.23279324997722112,1.3039304252762562,Fresh Out The Slammer,THE TORTURED POETS DEPARTMENT: THE ANTHOLOGY
7,1.8180796073251517,1.9790230180121537,-0.4248000481524625,-0.4989164500462987,-0.3984721748391034,0.8034620863981338,0.08143918488182976,1.4356631223503986,Florida!!! (feat. Florence + The Machine),THE TORTURED POETS DEPARTMENT: THE ANTHOLOGY
8,-0.7061286897600243,-1.2577231958547184,0.5173739771245185,0.8116633467783781,0.4124380980740738,-0.9183613968771407,0.5636234383724422,1.8308612135728257,Guilty as Sin?,THE TORTURED POETS DEPARTMENT: THE ANTHOLOGY
9,-0.3262935681204836,0.22632828499638205,1.8859564983327133,-0.08038630513958364,0.23804879207123977,-0.13985910375710398,-0.7854089112810695,1.6991285164986834,Who’s Afraid of Little Old Me?,THE TORTURED POETS DEPARTMENT: THE ANTHOLOGY
10,0.9223411237263636,0.07022892822613212,-2.5046167967851485,1.3035126411578024,0.7176193835790333,-0.5453173377671544,-0.35198486319961986,1.1721977282021139,I Can Fix Him (No Really I Can),THE TORTURED POETS DEPARTMENT: THE ANTHOLOGY
11,-0.2762246569635723,0.2708064287877411,0.9736071120671286,1.5784594516804618,-1.35761335785469,-1.4308363721034916,-1.0183743371248484,1.567395819424541,loml,THE TORTURED POETS DEPARTMENT: THE ANTHOLOGY
12,0.5613663660831137,0.33322516142752384,-0.3430846811971496,-0.6669395009212572,1.0663979955847003,0.1759761225812858,-0.8829293220993956,1.8308612135728257,I Can Do It With a Broken Heart,THE TORTURED POETS DEPARTMENT: THE ANTHOLOGY
13,1.9032819010714963,0.6700944669277399,0.3432517299593322,0.5458814299398075,-1.3314549619542648,0.5626666117792571,-0.6499638962556163,1.6991285164986834,The Smallest Man Who Ever Lived,THE TORTURED POETS DEPARTMENT: THE ANTHOLOGY
14,-0.4034665812989063,-1.1520751184031144,-0.9552702493232488,0.24649490292624482,0.5345106122760576,-0.7589136347964787,-0.1623618421639858,1.3039304252762562,The Alchemy,THE TORTURED POETS DEPARTMENT: THE ANTHOLOGY
15,-0.3262935681204836,-1.2398781164612505,-0.37012730270258476,0.9002573190579019,0.9356060160825758,-0.6330042386528771,-0.9154361257055043,1.0404650311279715,Clara Bow,THE TORTURED POETS DEPARTMENT: THE ANTHOLOGY
16,-0.4297559668294683,-0.34586789915361793,0.18348333276123074,1.1171598029146665,-0.4507889666399536,0.92693573529491,-0.8287513160892143,1.4356631223503986,The Black Dog,THE TORTURED POETS DEPARTMENT: THE ANTHOLOGY
17,1.566619072028838,0.8568538645142448,-0.23681980315355372,0.814718311339741,1.7901136154964614,-0.44816849565337824,-1.262175364170664,1.6991285164986834,imgonnagetyouback,THE TORTURED POETS DEPARTMENT: THE ANTHOLOGY
18,-0.6652015772461998,0.6777538782594914,-1.3878610527712594,0.9583016457237967,-1.9766953941647503,1.4881256554577735,-0.49284767882609104,1.1721977282021139,The Albatross,THE TORTURED POETS DEPARTMENT: THE ANTHOLOGY
19,-0.3517386986973594,0.04846821376082147,-0.48027176078994066,1.3401722158941571,-0.5467030849415123,-1.6891817179110353,-0.8937649233014318,1.1721977282021139,Chloe or Sam or Sophia or Marcus,THE TORTURED POETS DEPARTMENT: THE ANTHOLOGY
20,-0.2762246569635723,-1.29370207955198,0.18348333276123074,1.3554470387009716,-0.7559702521449131,-1.2605214299985308,-0.5957858902454352,1.567395819424541,How Did It End?,THE TORTURED POETS DEPARTMENT: THE ANTHOLOGY
21,-0.3262935681204836,0.1550142070234354,-0.05786378645344239,-0.9589941129875489,-1.8546228799627664,1.6148157398215113,-0.48742987822507294,1.8308612135728257,So High School,THE TORTURED POETS DEPARTMENT: THE ANTHOLOGY
22,1.9481834589489797,-0.5775865011516751,0.298334092991987,1.1477094485282953,-0.817006509245905,-0.5747648974307,-0.46575867582100045,1.3039304252762562,I Hate It Here,THE TORTURED POETS DEPARTMENT: THE ANTHOLOGY
23,0.04554039103071514,-0.5775865011516751,0.7233546112495001,0.8177732759011039,0.26420718797166487,-0.8856661742178276,-0.7095597028668157,1.0404650311279715,thanK you aIMee,THE TORTURED POETS DEPARTMENT: THE ANTHOLOGY
24,0.7677215203756882,1.1653823289603327,-3.744217769344979,1.0652254053714973,1.6070048441934859,-1.048080551535008,0.011007777068594156,1.0404650311279715,I Look in People's Windows,THE TORTURED POETS DEPARTMENT: THE ANTHOLOGY
25,1.8147210048755031,0.18589919444725148,0.43139979801123945,1.4776456211554867,-1.3750522884549734,1.3605299727586768,0.8236778672213121,1.6991285164986834,The Prophecy,THE TORTURED POETS DEPARTMENT: THE ANTHOLOGY
26,0.3407647810117076,0.7228826948004433,0.20675189117451034,1.4196012944895922,0.07237895136854747,0.487283357242884,0.7099040545999316,1.0404650311279715,Cassandra,THE TORTURED POETS DEPARTMENT: THE ANTHOLOGY
27,-1.872013152728723,-0.398521783336575,1.1008984551561838,1.4165463299282293,-2.0638900471661668,1.639454260049017,-0.5036832800281273,1.1721977282021139,Peter,THE TORTURED POETS DEPARTMENT: THE ANTHOLOGY
28,0.22829123115163646,0.2854003610046761,0.1600623706623997,0.9063672481806276,-1.0785904682501555,1.8528944194343133,0.5311166347663334,1.1721977282021139,The Bolter,THE TORTURED POETS DEPARTMENT: THE ANTHOLOGY
29,-0.48320252929799273,-0.9264308238340614,0.229869663847624,1.373776826069149,-0.8954816969471803,0.43425901333121825,-1.218832959362519,0.6452669399055443,Robin,THE TORTURED POETS DEPARTMENT: THE ANTHOLOGY
30,-0.4034665812989063,-0.8784634495107905,-0.15906125636228385,1.7098229278190662,-0.6077393420425042,-0.9422816839421208,0.2873156077205182,0.7769996369796867,The Manuscript,THE TORTURED POETS DEPARTMENT: THE ANTHOLOGY
47,1.8678437473180503,-0.8002073053282311,-0.48027176078994066,-1.0225068262182833,1.5808464482930606,-0.2301378895336792,1.63634795737403,-0.803792727910022,Welcome To New York (Taylor's Version),1989 (Taylor's Version) [Deluxe]
48,1.8847169606055267,0.8964909844922311,0.016242403625564016,-0.7674478349900961,1.336701419889093,-0.8844795281232204,1.7717929723994825,-0.5403273337617372,Blank Space (Taylor's Version),1989 (Taylor's Version) [Deluxe]
49,-0.633483248771806,0.03750149014621712,-0.008292781857914705,-1.0413070781289104,-0.5641420155417957,-0.9204224137783009,-0.4603408752199823,-0.4085946366875949,Style (Taylor's Version),1989 (Taylor's Version) [Deluxe]
50,1.9951132378659118,-0.3264091358134309,0.11275664203328163,-1.0412765284832968,-0.3025580565375447,-1.011075929900542,-1.0779701437360478,-0.6720600308358796,Out Of The Woods (Taylor's Version),1989 (Taylor's Version) [Deluxe]
51,1.0591224373685837,-0.8626445197435729,-1.0835280505556057,-1.0403233795401516,0.08981788196883086,-0.8521902633383779,0.8507668702264027,-0.803792727910022,All You Had To Do Was Stay (Taylor's Version),1989 (Taylor's Version) [Deluxe]
52,0.6534892361930067,1.0346458979336577,-0.31623484384030354,-1.0084845388816277,0.46475488987492397,1.114613183415705,2.8174284883959797,-0.803792727910022,Shake It Off (Taylor's Version),1989 (Taylor's Version) [Deluxe]
53,-1.0473455515761678,-0.1163576786696843,-0.6225748498276181,-1.030846879470804,0.8048140365804503,-0.19756757698958805,0.7586642600090946,-0.9355254249841645,I Wish You Would (Taylor's Version),1989 (Taylor's Version) [Deluxe]
54,1.080344577508721,2.0642486290681354,-0.5365617485287356,-0.9299719496546015,0.3949991674737904,1.4252334124435833,-0.19486864577009455,-0.9355254249841645,Bad Blood (Taylor's Version),1989 (Taylor's Version) [Deluxe]
55,-0.562803705073791,0.7339465664348644,-0.2895755493323369,-0.9363873752334635,0.07237895136854747,0.4882201831070478,0.8453490696253846,-0.6720600308358796,Wildest Dreams (Taylor's Version),1989 (Taylor's Version) [Deluxe]
56,-0.8513378299079326,0.49107799156269305,0.3876030976854644,-1.0366513121373935,1.5895659135932023,-0.13567461489717278,0.7369930576050222,-0.9355254249841645,How You Get The Girl (Taylor's Version),1989 (Taylor's Version) [Deluxe]
57,-1.5508941901423625,-0.5562876200005077,0.43139979801123945,-0.12010084443730117,-0.9477984887480305,0.6145667646539256,-1.7909527028300323,-1.0672581220583068,This Love (Taylor’s Version),1989 (Taylor's Version) [Deluxe]
58,-1.40632404230774,0.6429702492752052,-0.9869518851155009,-0.784250140077592,-0.05841302813357804,1.1134577648499027,1.3166977219139608,-0.9355254249841645,I Know Places (Taylor's Version),1989 (Taylor's Version) [Deluxe]
59,-0.4034665812989063,-0.9023509594741095,0.8604353384017551,-0.1353756672441156,1.772674684896178,-0.6360645364758118,-0.6282926938515438,-0.803792727910022,Clean (Taylor's Version),1989 (Taylor's Version) [Deluxe]
60,0.1693114125594339,0.525173809958898,0.3432517299593322,-1.0106230140745815,-1.6715141086597907,-0.036808258699096326,-0.3411492619975836,-0.9355254249841645,Wonderland (Taylor's Version),1989 (Taylor's Version) [Deluxe]
61,-0.1556964363244304,0.09710917314552596,0.7827902485076392,0.7047395871306772,-0.21536340353612768,-1.2266083337158047,0.09769258668488413,-0.803792727910022,You Are In Love (Taylor's Version),1989 (Taylor's Version) [Deluxe]
62,-1.0942334013209492,0.6777538782594914,-0.032994227308286224,-1.0269365248322595,0.6478636611778997,-0.07312587469984289,1.8476421808137364,-0.6720600308358796,New Romantics (Taylor's Version),1989 (Taylor's Version) [Deluxe]
63,-1.7017819443973088,0.516716555076271,-1.530680392644998,-0.03456183671914036,0.36884077157336526,-1.4483550157633531,-0.37907386620471045,-0.5403273337617372,"""Slut!"" (Taylor's Version) (From The Vault)",1989 (Taylor's Version) [Deluxe]
64,0.24753700924428215,-0.6062509335697535,1.0287687597154986,-0.8337405659716706,0.46475488987492397,-0.4495737344496239,-1.0671345425340115,-0.6720600308358796,Say Don't Go (Taylor's Version) (From The Vault),1989 (Taylor's Version) [Deluxe]
65,-0.9751220224593483,-0.620698064453855,-2.9824805908208356,-0.5539058121508306,1.9296250602987286,-0.44857445352784936,-1.6587583681651903,-0.4085946366875949,Now That We Don't Talk (Taylor's Version) (From The Vault),1989 (Taylor's Version) [Deluxe]
66,-0.4297559668294683,-0.5003149285646297,-1.8317139852107478,-0.39504765495996064,1.0140812037838502,-0.19722407417272772,0.05976798247775727,-0.9355254249841645,Suburban Legends (Taylor's Version) (From The Vault),1989 (Taylor's Version) [Deluxe]
67,0.12893196835912427,-0.5492257034828126,-0.05786378645344239,-0.8942288642866558,0.17701253497024788,-0.7606311488807785,-1.2459219623676094,-0.27686193961345246,Is It Over Now? (Taylor's Version) (From The Vault),1989 (Taylor's Version) [Deluxe]
68,1.4745184711857362,1.4860373134076952,-0.861710857140047,-0.9990141487414027,0.22060986147095638,1.4280126625072689,-1.0075387359228123,0.7769996369796867,Bad Blood (feat. Kendrick Lamar) (Taylor's Version),1989 (Taylor's Version) [Deluxe]
90,0.8978742744727972,-0.45911007690761235,0.016242403625564016,-1.0331075532462124,0.5955468693770495,-0.10173029108564118,0.6340548461856778,0.7769996369796867,Mine (Taylor's Version),Speak Now (Taylor's Version)
91,-0.6623022353878422,-0.7694853470976302,0.6628552892509433,-0.9690754960400464,0.22932932677109807,-0.2947164191033637,-0.0919304343507502,0.5135342428314019,Sparks Fly (Taylor’s Version),Speak Now (Taylor's Version)
92,-0.01938840147284534,-1.1090487347257225,1.2744785024632503,-1.0211626418112836,-0.8082870439457633,0.5467717996172792,-0.8016623130841238,0.7769996369796867,Back To December (Taylor's Version),Speak Now (Taylor's Version)
93,0.32251178189979035,-0.5562876200005077,0.25283824495587137,-0.3553331156622431,1.3541403504893765,-0.16727687404829503,1.1649993050854532,0.1183361516089747,Speak Now (Taylor's Version),Speak Now (Taylor's Version)
94,0.6829410242169561,-0.9425917226329132,2.740802959111802,-0.9428028008123256,-1.7412698310609243,-0.15338062372986652,-1.4517983852062981,0.1183361516089747,Dear John (Taylor's Version),Speak Now (Taylor's Version)
95,1.2960983670565036,-0.2689532734372863,0.18348333276123074,-0.06205651777140633,-0.4595084319400953,1.2363068631705705,1.1541637038834172,0.1183361516089747,Mean (Taylor's Version),Speak Now (Taylor's Version)
96,-2.293562779576166,0.5993343766013096,0.8023710245763221,-1.0385453901654385,-0.5467030849415123,0.48178731217312404,0.9157804774386202,0.2500688486831171,The Story Of Us (Taylor's Version),Speak Now (Taylor's Version)
97,1.1215256137376572,-1.008106984356476,1.2575376071662108,1.605954132732728,0.9181670854822924,0.02171213028232949,1.0241364894589822,-0.4085946366875949,Never Grow Up (Taylor's Version),Speak Now (Taylor's Version)
98,0.7813475246066427,-1.1869139421388935,2.137842823120031,-0.9938207089870857,-0.5118252237409455,-1.3243504988768842,-0.8450047178922686,1.567395819424541,Enchanted (Taylor's Version),Speak Now (Taylor's Version)
99,0.9463132264870668,1.2463635364180579,-0.2895755493323369,-1.0402714451426085,-0.642617203243071,0.6730871536353523,1.495485141747559,0.3818015457572595,Better Than Revenge (Taylor's Version),Speak Now (Taylor's Version)
100,0.14922928287561846,-0.9507046482297888,1.3905949073163884,-0.7457575866044196,-0.47694736254037867,0.28805172346407004,-1.3922025785950987,-0.6720600308358796,Innocent (Taylor's Version),Speak Now (Taylor's Version)
101,1.566619072028838,0.8433653786886172,0.3208644333786914,-1.0258367375901687,-1.209382447752281,1.1762250977488715,-0.06484143134565958,0.1183361516089747,Haunted (Taylor's Version),Speak Now (Taylor's Version)
102,-0.48320252929799273,-1.2398781164612505,2.3340771512989913,0.3106491587148654,-0.18920500763570258,-1.3985471073186495,-1.0617167419329934,0.1183361516089747,Last Kiss (Taylor's Version),Speak Now (Taylor's Version)
103,1.4052383167629894,-0.34586789915361793,1.655812997808002,-0.9932097160748132,-1.7325503657607826,2.481567029345769,-1.5417338751831988,0.6452669399055443,Long Live (Taylor's Version),Speak Now (Taylor's Version)
104,-0.2515944903761244,-1.0330391175840314,0.11275664203328163,0.24038497380351903,-0.3461553830382532,1.1074933068480612,-0.48742987822507294,-0.27686193961345246,Ours (Taylor’s Version),Speak Now (Taylor's Version)
105,-0.22722965925852714,-0.9103561292100367,0.9363117228143842,-1.0363763653268707,-0.3635943136385366,0.23543333742687536,-0.19486864577009455,-0.803792727910022,Superman (Taylor’s Version),Speak Now (Taylor's Version)
106,0.6534892361930067,0.44301653230634924,0.7630946614039961,-0.98771077986436,-0.27639966063711957,0.20951448851834675,-0.6662172980586707,-0.013396545465167688,Electric Touch (feat. Fall Out Boy) (Taylor’s Version) (From The Vault),Speak Now (Taylor's Version)
107,-0.37746193785507454,0.18078549295954593,0.4746531050858985,-0.5294660956599274,-0.47694736254037867,-1.451446541115093,-0.8070801136851418,-0.27686193961345246,When Emma Falls in Love (Taylor’s Version) (From The Vault),Speak Now (Taylor's Version)
108,-2.6536644053029343,-0.5918805532891226,0.8985904731917216,-0.8664286867782535,1.0140812037838502,-0.040742927328584026,2.3298264343043487,0.908732334053829,I Can See You (Taylor’s Version) (From The Vault),Speak Now (Taylor's Version)
109,-1.5899769961167762,0.02094255824543982,1.4709851348020246,0.0020977380172142734,-0.006096236332727842,0.7314201774439454,-0.17319744336602205,-0.1451292425393101,Castles Crumbling (feat. Hayley Williams) (Taylor’s Version) (From The Vault),Speak Now (Taylor's Version)
110,-0.17928366787525285,-0.9425917226329132,1.5647869265871859,0.7872236302874751,0.813533501880592,-0.8530646341449308,0.9428694804437109,-0.013396545465167688,Foolish One (Taylor’s Version) (From The Vault),Speak Now (Taylor's Version)
111,-0.8669107520317156,-0.7771351100830877,1.7003267528650017,-0.028451907596414586,0.4385964939744989,0.5785926514700398,1.452142736939414,0.1183361516089747,Timeless (Taylor’s Version) (From The Vault),Speak Now (Taylor's Version)
112,0.24753700924428215,1.4755053221621564,-0.800544479633413,-0.3400582928554287,1.3628598157895182,-0.8527835863856817,-1.5574454969261513,-0.6720600308358796,Lavender Haze,Midnights (The Til Dawn Edition)
113,-0.5572325335072984,-0.5562876200005077,-0.3430846811971496,-0.849015388778485,0.6653025917781831,-0.5090309492952134,-1.866801911244286,-0.5403273337617372,Maroon,Midnights (The Til Dawn Edition)
114,0.7259890853125746,0.8125001044192333,-0.8310090590218083,-0.673049430043983,0.4734743551750657,-0.8578424460521654,0.5798768401754966,-0.6720600308358796,Anti-Hero,Midnights (The Til Dawn Edition)
115,-0.3011232919462859,-0.16409406739670465,0.5595730676553979,1.0988300155464892,0.7350583141793167,-0.447731310250102,-1.2459219623676094,-1.0672581220583068,Snow On The Beach (feat. Lana Del Rey),Midnights (The Til Dawn Edition)
116,0.10841696906718001,0.7985492715084825,-1.0510774288358866,0.32286901696031695,1.022800669083992,-0.13511251937867452,0.0651857830787754,-0.5403273337617372,"You're On Your Own, Kid",Midnights (The Til Dawn Edition)
117,-0.08644216377167108,0.8568538645142448,-1.7163159179562693,1.126324696598755,0.22060986147095638,0.4150853106446685,-0.9750319323167035,-0.6720600308358796,Midnight Rain,Midnights (The Til Dawn Edition)
118,1.5492487584834322,2.1789068925527513,-0.5365617485287356,-0.41337744232813795,0.6565831264780414,-0.4835492857899611,-1.5059763912164794,-0.9355254249841645,Question...?,Midnights (The Til Dawn Edition)
119,0.06672375944810646,2.19949901379122,-2.1135912734091447,-0.5355760247826532,2.55742656190893,-1.386337143555716,-1.1646549533523376,-0.803792727910022,Vigilante Shit,Midnights (The Til Dawn Edition)
120,-0.768713483075027,1.2832330274117703,-1.0510774288358866,-0.8615407434800728,0.9443254813827175,1.2377121019668156,0.325240211927645,-0.6720600308358796,Bejeweled,Midnights (The Til Dawn Edition)
121,0.0024869880274808855,-0.31995722132070886,0.3876030976854644,1.3921066134373261,-0.8606038357466135,-0.4478249928365184,-1.35969577498899,-0.9355254249841645,Labyrinth,Midnights (The Til Dawn Edition)
122,2.1087724015624265,0.9126465604445396,-0.7105444332648462,-0.8532923391643931,0.5345106122760576,-1.0726878442337082,-1.4192915816001894,-0.803792727910022,Karma,Midnights (The Til Dawn Edition)
123,-0.10927860735358443,0.10244285674082997,-1.249799617095293,1.9145055534303792,-2.116206838967017,1.6276190266317483,0.1301993902909926,-1.0672581220583068,Sweet Nothing,Midnights (The Til Dawn Edition)
124,-0.7031843883870095,1.9891163792651922,-1.1492222450664984,0.683354835201137,0.7088999182788916,0.05000427138007305,-1.3326067719838994,-0.9355254249841645,Mastermind,Midnights (The Til Dawn Edition)
125,-0.9109756951397192,-0.6062509335697535,0.20675189117451034,-0.4347621942576781,-0.07585195873386144,-0.8850728511705238,1.0349720906610185,-0.803792727910022,The Great War,Midnights (The Til Dawn Edition)
126,-0.13236239663851312,0.18589919444725148,-0.31623484384030354,1.5265250541372928,-1.383771753755115,1.2867393221913825,-1.6928905119516042,-1.0672581220583068,Bigger Than The Whole Sky,Midnights (The Til Dawn Edition)
127,0.5293547665270444,1.4146291597360545,-0.9869518851155009,-0.728038792148515,1.0838369261849838,-0.41903321127788734,-0.19486864577009455,-1.0672581220583068,Paris,Midnights (The Til Dawn Edition)
128,-0.8389412805245263,1.6677147633118163,-0.008292781857914705,1.1079949092305779,-0.06713249343371974,1.6105375683751637,2.086025407258534,-1.1989908191324492,High Infidelity,Midnights (The Til Dawn Edition)
129,-0.22722965925852714,2.185496264707053,-2.833889911682696,-0.08344126970094654,0.8571308283813005,0.5159502286862936,-0.19486864577009455,-1.3307235162065916,Glitch,Midnights (The Til Dawn Edition)
130,0.0876817537535267,1.8372804563487444,0.6424470589891351,0.15790093064672128,-0.817006509245905,1.0479736369448605,0.8941092750345477,-0.803792727910022,"Would've, Could've, Should've",Midnights (The Til Dawn Edition)
131,-0.08644216377167108,0.24127134113412016,-0.15906125636228385,0.37480341450348603,0.8309724324808754,-0.5142459466057248,-1.2567575635696457,-1.1989908191324492,Dear Reader,Midnights (The Til Dawn Edition)
132,1.6363857771568544,0.009830241691249963,0.06482126874259339,-0.6333348907462655,0.7612167100797418,-0.5726726530007347,-0.6607994974576527,0.5135342428314019,Hits Different,Midnights (The Til Dawn Edition)
133,-0.3517386986973594,-0.5562876200005077,-0.032994227308286224,1.3921066134373261,0.7437777794794584,-0.45035442266976045,-0.6391282950535802,0.6452669399055443,Snow On The Beach (feat. More Lana Del Rey),Midnights (The Til Dawn Edition)
134,2.170702664895176,1.2626795819081036,-0.8310090590218083,-0.8673451761466624,0.31652397977251506,-1.0734373049250392,-1.6928905119516042,-0.5403273337617372,Karma (feat. Ice Spice),Midnights (The Til Dawn Edition)
168,-0.13236239663851312,0.33793899516794923,1.2913296590943593,-1.0416981135927648,0.13341520846953936,0.17485193154428932,-0.2978068571894386,-0.4085946366875949,State Of Grace (Taylor's Version),Red (Taylor's Version)
169,-1.2217270538913856,-0.3786454180991297,-0.21071904617422788,-1.03940078024262,-0.5467030849415123,0.021493537580691134,0.1356171908920107,0.6452669399055443,Red (Taylor's Version),Red (Taylor's Version)
170,0.20883996316319167,-1.024706146913472,0.27565920535015825,-0.9376093610580087,0.5781079387767661,-0.4488867288159041,-0.4549230746189642,-0.4085946366875949,Treacherous (Taylor's Version),Red (Taylor's Version)
171,-1.9449492818533194,-0.6062509335697535,-0.2895755493323369,-1.0032910991273105,0.046220555468122364,0.9258739993155247,2.080607606657516,1.0404650311279715,I Knew You Were Trouble (Taylor's Version),Red (Taylor's Version)
172,1.454438578939156,-0.7924960324771071,1.815917311663302,-0.9904602479695865,-1.209382447752281,1.9240307300531445,-1.35969577498899,0.3818015457572595,All Too Well (Taylor's Version),Red (Taylor's Version)
173,-1.249991805761966,-1.0835083043988885,-0.008292781857914705,-1.041346792668208,0.551949542876341,-0.6362519016486446,1.4033825315302508,1.0404650311279715,22 (Taylor's Version),Red (Taylor's Version)
174,-0.1556964363244304,-1.2309914337196812,0.3208644333786914,-0.9916822337941318,-0.5903004114422208,0.6720566451847717,-0.7312309052708882,-0.5403273337617372,I Almost Do (Taylor's Version),Red (Taylor's Version)
175,-1.3254003106648444,2.105862773878786,-1.0835280505556057,-0.9458577653736885,-0.10201035463428655,1.488156882986579,1.8042997760055914,1.0404650311279715,We Are Never Ever Getting Back Together (Taylor's Version),Red (Taylor's Version)
176,-1.1972016052044503,-1.357602702497182,-0.6809993638397194,-0.7836391471653195,0.9966422731835668,-0.7600378258334752,1.5171563441516314,-0.5403273337617372,Stay Stay Stay (Taylor's Version),Red (Taylor's Version)
177,-0.5461267130863463,-1.1090487347257225,1.3578522829649509,-0.9208070559705128,-0.6687755991434962,-0.946466172802052,-1.2350863611655734,-0.1451292425393101,The Last Time (feat. Gary Lightbody of Snow Patrol) (Taylor’s Version),Red (Taylor's Version)
178,-0.2515944903761244,0.8735191164172333,-0.7703141310105908,-0.9547171626016409,0.377560236873507,1.0159966474480728,0.6936506527968772,-0.5403273337617372,Holy Ground (Taylor's Version),Red (Taylor's Version)
179,0.2665796469666914,-1.1347953318740127,1.118683532121204,0.8574878151988214,0.19445146557053128,0.17800591195364043,-0.8179157148871781,-0.4085946366875949,Sad Beautiful Tragic (Taylor's Version),Red (Taylor's Version)
180,-1.8088151109297366,0.32376032178188796,0.20675189117451034,-0.8410724809189416,0.9356060160825758,-0.20203311360876838,0.8399312690243665,-0.6720600308358796,The Lucky One (Taylor's Version),Red (Taylor's Version)
181,1.3755737948869975,-0.45911007690761235,0.3208644333786914,-0.21480474583955045,-0.703653460344063,-1.3877736098807667,0.4931920305592066,0.2500688486831171,Everything Has Changed (feat. Ed Sheeran) (Taylor’s Version),Red (Taylor's Version)
182,0.9698014017048041,-0.4934017229811384,-0.2895755493323369,-1.032802056790076,0.4298770286743572,0.05169055793556778,1.2029239092925803,-0.6720600308358796,Starlight (Taylor's Version),Red (Taylor's Version)
183,0.24753700924428215,-1.1434236435156824,0.18348333276123074,-0.8135777998666756,-0.5205446890410872,-1.4190948212726398,-0.6282926938515438,-0.27686193961345246,Begin Again (Taylor's Version),Red (Taylor's Version)
184,-0.3011232919462859,-0.8469099047350673,1.118683532121204,-0.8917848926375654,0.49963275107549077,0.049754451149629536,-0.9479429293116131,-0.6720600308358796,The Moment I Knew (Taylor's Version),Red (Taylor's Version)
185,-1.0142979802593082,-0.9103561292100367,-0.21071904617422788,-0.9944317018993584,-1.0349931417494471,-1.3900219919547596,0.08685698548284788,-0.27686193961345246,Come Back...Be Here (Taylor's Version),Red (Taylor's Version)
186,-0.4563334749193344,-0.7240129961654851,-0.2631045924191736,-1.0135252304078763,0.9792033425832833,0.022805093790520366,1.2408485134997072,-0.9355254249841645,Girl At Home (Taylor's Version),Red (Taylor's Version)
187,-0.2762246569635723,0.6033531771528836,1.715020557813116,0.9827413622146998,-1.1657851212515726,2.640577606023155,-1.5276475936205518,-0.9355254249841645,State Of Grace (Acoustic Version) (Taylor's Version),Red (Taylor's Version)
188,1.1113854038679603,-0.8469099047350673,0.7233546112495001,0.9766314330919741,0.38627970217364865,-0.2597728143700576,-0.016081225936496465,-1.3307235162065916,Ronan (Taylor's Version),Red (Taylor's Version)
189,-0.8389412805245263,-0.31995722132070886,1.3247658515826906,-0.38893772583723485,-0.9216400928476054,-1.5743893220221765,-0.6933063010637613,-0.1451292425393101,Better Man (Taylor's Version) (From The Vault),Red (Taylor's Version)
190,0.6234189836218713,-1.1347953318740127,0.6219159469332284,1.4532059046645835,0.23804879207123977,-0.6994564199508891,0.3414936137306994,0.2500688486831171,Nothing New (feat. Phoebe Bridgers) (Taylor’s Version) (From The Vault),Red (Taylor's Version)
191,0.024129020798543472,1.555455163367369,-0.18480022000360702,-0.8783430485675687,0.046220555468122364,1.357938087867824,1.9668337940361351,-0.1451292425393101,Babe (Taylor's Version) (From The Vault),Red (Taylor's Version)
192,-0.9881227762314251,0.48244206431351805,-0.13350011950045354,-1.0369568085935297,0.377560236873507,-0.2636762554707397,0.6015480425795691,0.2500688486831171,Message In A Bottle (Taylor's Version) (From The Vault),Red (Taylor's Version)
193,1.0041493425051373,0.2998798059643222,1.118683532121204,-0.5325210602212903,-1.636636247459224,0.7899093388965656,0.4877742299581885,0.2500688486831171,I Bet You Think About Me (feat. Chris Stapleton) (Taylor’s Version) (From The Vault),Red (Taylor's Version)
194,0.2854214649413288,-0.8469099047350673,0.7233546112495001,-0.26062921425999375,0.28164611857194827,-0.26064718517661056,0.14645279209404696,-0.6720600308358796,Forever Winter (Taylor's Version) (From The Vault),Red (Taylor's Version)
195,1.8279725525020665,-0.9833742642119814,0.20675189117451034,1.4532059046645835,0.2729266532718066,0.021243717350247618,0.325240211927645,-0.5403273337617372,Run (feat. Ed Sheeran) (Taylor’s Version) (From The Vault),Red (Taylor's Version)
196,-0.37746193785507454,-1.0835083043988885,-0.861710857140047,-1.0391869327233245,0.8658502936814422,-0.10460322373574316,1.0728966948681453,0.1183361516089747,The Very First Night (Taylor's Version) (From The Vault),Red (Taylor's Version)
197,-0.8296797395398506,-0.9023509594741095,4.264105536176537,-0.2056398521554618,0.4560354245747823,-0.9785368448852562,-0.9641963311146674,1.567395819424541,All Too Well (10 Minute Version) (Taylor's Version) (From The Vault),Red (Taylor's Version)
198,1.8901411637280425,-1.0750403464362837,0.25283824495587137,-1.0054295743202648,-0.08457142403400314,-0.7569775280105404,0.2548088041144094,1.3039304252762562,Fearless (Taylor’s Version),Fearless (Taylor's Version)
199,1.8530646031157458,-1.1607498209833749,1.2744785024632503,-0.6883242528507975,-0.17176607703541918,-0.9022479920135253,-0.5091010806291454,-0.27686193961345246,Fifteen (Taylor’s Version),Fearless (Taylor's Version)
200,-0.9396657546290841,-0.8469099047350673,0.11275664203328163,-0.645554748991717,0.4211575633742155,-0.16565304255041105,0.17354179509913756,1.3039304252762562,Love Story (Taylor’s Version),Fearless (Taylor's Version)
201,-0.6681041057088645,-0.9588393047726875,0.5173739771245185,-0.7188738984644263,1.8249914766970283,-0.26133419081033077,2.2431416246880596,-0.4085946366875949,Hey Stephen (Taylor’s Version),Fearless (Taylor's Version)
202,0.9343883361967398,0.2560970709422668,0.08886851660834323,0.08458178117401202,-1.35761335785469,1.90185918460127,-0.0919304343507502,-0.1451292425393101,White Horse (Taylor’s Version),Fearless (Taylor's Version)
203,-0.8143118376350152,-0.5775865011516751,-0.008292781857914705,-0.8523758497959841,0.46475488987492397,0.17719399620469822,0.4931920305592066,1.6991285164986834,You Belong With Me (Taylor’s Version),Fearless (Taylor's Version)
204,1.4124745685427016,-1.0330391175840314,0.7033078893013278,-0.5661256703962821,-0.6338977379429294,0.7393519697605311,-0.33573146139656546,-0.6720600308358796,Breathe (feat. Colbie Caillat) (Taylor’s Version),Fearless (Taylor's Version)
205,1.8901411637280425,0.8399713561306196,-0.8310090590218083,-0.9748799287066359,-0.006096236332727842,-0.7599441432470588,0.8561846708274209,-0.803792727910022,Tell Me Why (Taylor’s Version),Fearless (Taylor's Version)
206,0.06672375944810646,-1.0497721472377526,0.6831418380034019,-0.8783430485675687,-0.6338977379429294,0.29710770681765225,-0.769155509478015,-0.5403273337617372,You’re Not Sorry (Taylor’s Version),Fearless (Taylor's Version)
207,-0.2762246569635723,0.2462262400337264,0.27565920535015825,-1.0326187589163942,-1.5407221291576652,1.145216161645053,0.4823564293571703,1.0404650311279715,The Way I Loved You (Taylor’s Version),Fearless (Taylor's Version)
208,0.4463300145266185,0.05392992499026131,-0.15906125636228385,-0.9721304606014093,0.16829306967010615,0.11464525600736877,1.5713343501618127,-0.1451292425393101,Forever & Always (Taylor’s Version),Fearless (Taylor's Version)
209,0.6974393055777858,-1.0750403464362837,0.3208644333786914,0.4481225639761951,0.551949542876341,0.020025843726834757,0.466103027554116,-0.9355254249841645,The Best Day (Taylor’s Version),Fearless (Taylor's Version)
210,0.9813673276849143,-0.6134648786882146,1.0104844609792234,-1.0421166437376717,-0.6949339950439212,-0.8856037191602169,-0.21112204757314892,-1.0672581220583068,Change (Taylor’s Version),Fearless (Taylor's Version)
211,-0.7777729213611881,-0.4934017229811384,0.1600623706623997,-0.8978948217602912,-0.05841302813357804,1.1164556076152268,1.3058621207119245,-0.803792727910022,Jump Then Fall (Taylor’s Version),Fearless (Taylor's Version)
212,0.8344692634390417,-0.7015483111414343,1.5647869265871859,-0.9874052834082236,-1.6191973168589404,2.374300467899025,-0.8612581196953231,-0.6720600308358796,Untouchable (Taylor’s Version),Fearless (Taylor's Version)
213,0.3407647810117076,-0.8626445197435729,0.8023710245763221,1.4593158337873093,-0.2851191259372613,-0.1750525287208536,-0.6066214914474714,-0.9355254249841645,Forever & Always (Piano Version) (Taylor’s Version),Fearless (Taylor's Version)
214,-0.4297559668294683,-1.1869139421388935,0.13648736270732076,-0.9186685807775588,-0.8954816969471803,0.6111317364853258,-1.1700727539533557,-1.1989908191324492,Come In With The Rain (Taylor’s Version),Fearless (Taylor's Version)
215,1.9158458204026172,-1.066595042759292,0.7233546112495001,-0.5630707058349192,-1.0873099335502971,1.4834102986081492,-1.1484015515492834,-1.1989908191324492,Superstar (Taylor’s Version),Fearless (Taylor's Version)
216,0.8081817738892788,0.654655483026251,0.1600623706623997,-0.9574666307068674,-1.2791381701534146,1.2359009052960994,1.332951123717015,-0.5403273337617372,The Other Side Of The Door (Taylor’s Version),Fearless (Taylor's Version)
217,1.7719098528606694,-0.16409406739670465,0.25283824495587137,-1.0014581203904929,-0.8431649051463301,1.055593153973392,-0.2978068571894386,-0.803792727910022,Today Was A Fairytale (Taylor’s Version),Fearless (Taylor's Version)
218,-0.4563334749193344,-0.398521783336575,-0.2631045924191736,1.4501509401032207,0.17701253497024788,0.5787800166428726,0.30898681012459067,-1.1989908191324492,You All Over Me (feat. Maren Morris) (Taylor’s Version) (From The Vault),Fearless (Taylor's Version)
219,-1.570380580632013,0.4207089605723371,0.9920975606292387,-0.5477958830281048,0.7088999182788916,0.36171746391614285,1.7934641748035551,0.2500688486831171,Mr. Perfectly Fine (Taylor’s Version) (From The Vault),Fearless (Taylor's Version)
220,-1.159046415181053,-1.2398781164612505,0.298334092991987,1.5509647706281962,0.26420718797166487,-0.5730786108752053,-1.3705313761910263,-0.803792727910022,We Were Happy (Taylor’s Version) (From The Vault),Fearless (Taylor's Version)
221,-0.7090762313020242,-0.44552052628556105,-1.2159974635981388,-0.3553331156622431,0.08109841666868917,-1.0666609311742552,0.6773972509938228,-0.5403273337617372,That’s When (feat. Keith Urban) (Taylor’s Version) (From The Vault),Fearless (Taylor's Version)
222,-0.2515944903761244,0.33793899516794923,-0.5936899738246061,0.5275516425716301,-0.13688821583485336,-0.7002683356998309,0.11936378908895663,-0.6720600308358796,Don’t You (Taylor’s Version) (From The Vault),Fearless (Taylor's Version)
223,-0.49674746823506255,0.4996688871364408,0.25283824495587137,-0.022341978473688816,0.3949991674737904,-1.3810909187163989,0.7803354624131671,-0.9355254249841645,Bye Bye Baby (Taylor’s Version) (From The Vault),Fearless (Taylor's Version)
224,0.48006324202311007,2.0945013523819487,-0.4248000481524625,1.5020853376463899,-1.627916782159082,-1.3504879404870516,0.7911710636152034,-0.27686193961345246,willow,evermore (deluxe version)
225,-0.1556964363244304,-0.36548218737594657,0.298334092991987,1.7678672544849607,-1.0175542111491636,1.466453750466786,-0.3411492619975836,-0.1451292425393101,champagne problems,evermore (deluxe version)
226,0.024129020798543472,-0.1701324685920396,-1.3529099058374467,1.4929204439623012,-0.5815809461420791,-0.38437065430383033,-0.1623618421639858,-0.5403273337617372,gold rush,evermore (deluxe version)
227,-0.3517386986973594,-0.8312591388630223,-0.032994227308286224,1.2026988106328274,-0.03225463223315295,0.6731808362217682,-0.18945084516907643,-0.5403273337617372,‘tis the damn season,evermore (deluxe version)
228,-1.097610547229097,0.26591618114378995,0.3208644333786914,1.6395587429077194,-2.290596144969851,-1.5428495179286652,-0.8775115214983774,-0.27686193961345246,tolerate it,evermore (deluxe version)
229,-0.4034665812989063,-1.2309914337196812,-0.3973649864597252,0.23427504468079327,-0.2851191259372613,-1.4159720683920942,0.8236778672213121,-0.5403273337617372,"no body, no crime (feat. HAIM)",evermore (deluxe version)
230,-0.13236239663851312,-0.3720550669282721,1.6106384633882913,1.6151190264168163,-0.17176607703541918,-0.07118976791390463,-0.9316895275085586,-0.803792727910022,happiness,evermore (deluxe version)
231,0.18918082646424628,-1.2309914337196812,-0.13350011950045354,1.0835551927396747,0.22932932677109807,-0.13717353627983475,-0.15694404156296768,-0.9355254249841645,dorothea,evermore (deluxe version)
232,0.42919573104669617,0.8020505631165453,0.9363117228143842,1.4593158337873093,-0.3635943136385366,-0.5141210364905032,-0.49284767882609104,-0.6720600308358796,coney island (feat. The National),evermore (deluxe version)
233,-0.7061286897600243,-0.5281523598172968,0.6424470589891351,1.5692945579963733,-0.555422550241654,-1.1086619574175944,0.8236778672213121,-0.6720600308358796,ivy,evermore (deluxe version)
234,0.06672375944810646,-0.5704679667761817,0.9363117228143842,1.3035126411578024,0.22060986147095638,0.11267792169262492,0.6936506527968772,-0.6720600308358796,cowboy like me,evermore (deluxe version)
235,-0.5600165945019073,-0.1163576786696843,-0.3973649864597252,0.9735764685306112,-0.2851191259372613,1.0472554037823352,1.0295542900600003,-0.803792727910022,long story short,evermore (deluxe version)
236,-0.10927860735358443,0.2462262400337264,0.6012607362825315,1.6334488137849936,-0.38103324423882,-0.8823560561644493,-0.5199366818311817,-0.6720600308358796,marjorie,evermore (deluxe version)
237,0.2854214649413288,2.1802562361739755,-1.4945148512275568,1.5081952667691154,0.9617644119829999,0.8595467281327338,2.909531098613288,-1.0672581220583068,closure,evermore (deluxe version)
238,-0.20312707001990468,-0.8626445197435729,1.4390768869039487,1.8198016520281302,-1.6453557127593657,0.025553116325400815,-0.3411492619975836,-0.5403273337617372,evermore (feat. Bon Iver),evermore (deluxe version)
239,-0.06385019746887348,-1.0750403464362837,0.3208644333786914,1.3065676057191653,0.02006215956769726,0.42332937824930855,1.419635933333305,0.7769996369796867,right where you left me - bonus track,evermore (deluxe version)
240,-0.768713483075027,-0.23762071031737517,0.5385380908372526,1.4043264716827777,0.11597627786925596,0.8607646017561471,0.17895959570015568,-0.27686193961345246,it’s time to go - bonus track,evermore (deluxe version)
290,-0.2762246569635723,0.22632828499638205,-0.5650198074865557,1.2485232790532705,1.7552357542958947,0.48537847798575096,-1.1917439563574284,-0.013396545465167688,the 1,folklore (deluxe version)
291,1.6105713102560038,-0.10458055749784467,0.20675189117451034,0.5611562527466218,0.29036558387209,0.1775687265503637,0.818260066620294,-0.013396545465167688,cardigan,folklore (deluxe version)
292,-0.3262935681204836,-0.2005653776838403,-0.008292781857914705,0.4267378120466549,0.9530449466828582,0.7379779584930916,1.7230327669903196,-0.27686193961345246,the last great american dynasty,folklore (deluxe version)
293,-0.22722965925852714,-1.1347953318740127,1.1363714420813285,1.2821278892282624,-2.342912936770701,-1.5120591745264846,-1.2079973581604826,-0.013396545465167688,exile (feat. Bon Iver),folklore (deluxe version)
294,-1.5237968127818446,-0.7090165770192792,0.5595730676553979,1.4440410109804949,-1.0698710029500138,0.17450842872742942,-1.4680517870093523,-0.013396545465167688,my tears ricochet,folklore (deluxe version)
295,-1.8255630418487807,-0.5492257034828126,-0.5936899738246061,1.0530055471260462,-0.2589607300368362,-0.44410891690866905,-0.19486864577009455,-0.27686193961345246,mirrorball,folklore (deluxe version)
296,-0.7626904758847584,-1.1176079414645277,-0.5936899738246061,1.6701083885213484,0.20317093087067298,-0.9182052592331136,-0.04858802954260521,-0.27686193961345246,seven,folklore (deluxe version)
297,-0.6768308486895188,-0.45911007690761235,0.6831418380034019,0.6466952604647827,-1.6715141086597907,-1.0864591844369147,0.20063079810422818,-0.013396545465167688,august,folklore (deluxe version)
298,0.5130960716727868,-0.7542469351586455,-1.0188865028359593,-0.08955119882367231,-0.5903004114422208,0.35984381218781536,0.1356171908920107,-0.27686193961345246,this is me trying,folklore (deluxe version)
299,-0.2762246569635723,-0.5072465441563145,-1.1492222450664984,1.5906793099259133,-0.4333500360396702,-0.14922736239874093,0.30898681012459067,-0.27686193961345246,illicit affairs,folklore (deluxe version)
300,-0.3517386986973594,0.35667120581388506,0.4960794226265372,1.5815144162418249,0.6304247305776163,-1.2773218404958664,0.3848360185388444,-0.27686193961345246,invisible string,folklore (deluxe version)
301,-0.08644216377167108,0.2854003610046761,0.13648736270732076,1.00412611414424,0.12469574316939766,0.547708625481443,0.36858261673579,-0.5403273337617372,mad woman,folklore (deluxe version)
302,-0.8700356756646811,-1.0413944303309113,1.2061685854726754,1.1782590941419242,-2.2818766796697094,-0.9501197936722902,-1.5168119924185155,-0.6720600308358796,epiphany,folklore (deluxe version)
303,-0.5130993649579193,-1.3027573431798505,1.2913296590943593,0.7566739846738463,0.14213467376968106,-0.8872587781869059,0.5040276317612429,-0.4085946366875949,betty,folklore (deluxe version)
304,-0.7417141477835195,1.3567560342038605,0.06482126874259339,1.7556473962395092,0.5693884734766244,0.8029624459372466,-0.2978068571894386,-0.6720600308358796,peace,folklore (deluxe version)
305,0.30406475526813553,-0.2563704089177409,-0.2895755493323369,1.9022856951849276,0.8484113630811588,-0.17233573371477875,0.11394598848793851,-0.6720600308358796,hoax,folklore (deluxe version)
306,-0.6277573137290802,-0.3264091358134309,-0.5083132382878345,1.5295800186986555,-2.316754540870276,1.7358848690002673,-0.6228748932505257,-0.1451292425393101,the lakes - bonus track,folklore (deluxe version)
323,-1.0473455515761678,2.200555455040331,-1.8708793513703006,-0.1323207026827527,0.7437777794794584,-0.9831585191484636,0.8561846708274209,0.3818015457572595,I Forgot That You Existed,Lover
324,-0.3517386986973594,2.0578493133612654,-1.6039592558918097,-0.6852692882894346,-0.23280233413641108,1.4250772747995561,0.9807940846508372,3.279920881388392,Cruel Summer,Lover
325,-0.04149987581045097,1.5363665697635103,-0.2631045924191736,0.4603424222216467,-1.9156591370637583,-1.7432677978020863,0.37941821793782626,2.357792001869395,Lover,Lover
326,-0.7657003202905305,0.5039475241278548,-1.182472911389353,-0.8083843601123587,1.7290773583954695,-0.4468881669723546,1.3546223261210877,1.6991285164986834,The Man,Lover
327,-1.5860488787673157,-0.21285178838012664,-0.5365617485287356,-0.6761043946053459,-2.4998633121732516,-0.00045941516954505927,-1.175490554554374,0.908732334053829,The Archer,Lover
328,-1.3877567088523577,0.6232907707694468,-1.7929017305176786,-1.0155415070183758,2.7754131944124727,-0.7605686938231678,0.17895959570015568,0.5135342428314019,I Think He Knows,Lover
329,0.3588259613668583,1.160250784637912,0.06482126874259339,-0.957161134250731,0.726338848879175,0.8034620863981338,0.5636234383724422,1.4356631223503986,Miss Americana & The Heartbreak Prince,Lover
330,-1.2892706218138756,0.30946962505678555,-0.23681980315355372,-1.0032910991273105,2.025539178600287,-0.6364080392926718,2.6115520655572912,1.3039304252762562,Paper Rings,Lover
331,-0.48320252929799273,1.3690824074152346,1.153963051694279,1.34322718045552,2.1388922275021285,-0.6978325884530052,-0.7312309052708882,0.7769996369796867,Cornelia Street,Lover
332,1.8500273039171813,0.8433653786886172,-0.8926529151824151,0.34425376888985715,1.162312113886259,-0.9458103946971373,-0.37907386620471045,0.5135342428314019,Death By A Thousand Cuts,Lover
333,0.2665796469666914,0.32376032178188796,-1.182472911389353,-0.9675480137593649,1.0140812037838502,1.048192229646499,0.9428694804437109,0.7769996369796867,London Boy,Lover
334,0.06672375944810646,0.8834151908372851,-0.800544479633413,1.7281527151872436,-1.270418704853273,2.5955475094856864,0.2060485987052463,-0.27686193961345246,Soon You’ll Get Better (feat. The Chicks),Lover
335,-0.20312707001990468,2.1774647192519407,-0.861710857140047,1.2057537751941902,1.3977376769900849,-1.3861497783828831,-0.17319744336602205,0.6452669399055443,False God,Lover
336,-1.6896331686755117,0.5585645355918554,-1.8708793513703006,-1.0143195211938307,1.6767605665946195,-1.2282633927424937,1.7934641748035551,1.567395819424541,You Need To Calm Down,Lover
337,-0.13236239663851312,-0.5918805532891226,-0.21071904617422788,-0.645554748991717,1.545968587092494,-0.41681605673269995,0.08685698548284788,0.7769996369796867,Afterglow,Lover
338,-0.04149987581045097,0.6311933410692985,-1.0835280505556057,-0.9418863114439168,0.2729266532718066,1.805053845304354,1.8693133832178088,0.908732334053829,ME! (feat. Brendon Urie of Panic! At The Disco),Lover
339,0.860222040722115,-0.21285178838012664,-2.7853900411461923,1.9236704471144674,1.3802987463898015,-1.6972384203428434,0.8778558732314934,-0.27686193961345246,It’s Nice To Have A Friend,Lover
340,-1.1832728152437277,0.5993343766013096,1.2575376071662108,1.425711223612318,-0.18920500763570258,0.8001831958735611,-0.6391282950535802,1.3039304252762562,Daylight,Lover
341,1.1513416247271209,1.9684290325062657,-0.6225748498276181,-0.8817035095850678,0.29908504917223167,1.1134577648499027,0.1843773963011738,1.8308612135728257,...Ready For It?,reputation
342,-0.2762246569635723,0.5790824073096196,0.3208644333786914,-1.0168856914253754,0.6129857999773329,1.084041432715163,-1.2567575635696457,0.7769996369796867,End Game,reputation
343,-1.4588700906661802,2.0642486290681354,0.1600623706623997,-0.835268048252352,1.022800669083992,-1.291873868919209,-0.42241627101285545,0.908732334053829,I Did Something Bad,reputation
344,-1.8129949836201942,-0.3071046197703414,0.11275664203328163,-0.7188738984644263,0.31652397977251506,0.36093677569600624,-1.0292099383268847,2.226059304795253,Don’t Blame Me,reputation
345,-0.7357505518154519,1.011242922234845,0.016242403625564016,-0.3828277967145091,1.4936517952916437,-0.9153947816406224,-1.8044972043325775,1.6991285164986834,Delicate,reputation
346,0.12893196835912427,1.885447664424734,-0.5083132382878345,-0.41948737145086373,1.633163240093911,0.11589435715958679,0.6665616497917866,1.6991285164986834,Look What You Made Me Do,reputation
347,0.20883996316319167,1.1499083593828305,-0.08290334186707643,-0.6699944654826201,-0.040974097533294646,-1.542693380284638,-0.04858802954260521,0.1183361516089747,So It Goes...,reputation
348,1.2960983670565036,1.9629363028122926,-0.5650198074865557,-0.8248811687437184,1.9296250602987286,-1.0096394635754908,0.36858261673579,1.0404650311279715,Gorgeous,reputation
349,-0.8051317178545979,1.913836493651797,0.06482126874259339,-1.0284945567585546,-0.1456076811349941,1.4894059841387972,-0.17319744336602205,1.4356631223503986,Getaway Car,reputation
350,-2.8373432028129493,-0.33287818880534004,-0.4524348418430109,-1.0157553545376712,0.839691897781017,-0.4480748130669619,-0.37365606560369236,0.5135342428314019,King Of My Heart,reputation
351,0.3588259613668583,2.1414242009353988,-0.5083132382878345,-0.8581802824625737,0.3949991674737904,1.1137388126091523,-0.536190083634236,0.5135342428314019,Dancing With Our Hands Tied,reputation
352,0.8344692634390417,0.4737608607260245,-0.032994227308286224,-0.9421918079000531,1.223348370987251,-0.1334574603519854,-1.6137906231767398,0.908732334053829,Dress,reputation
353,1.9968628980845988,1.8195766487378542,-0.6516770823582219,-0.9950426948116309,-0.10201035463428655,1.2366503659874304,0.2981512089225544,0.2500688486831171,This Is Why We Can't Have Nice Things,reputation
354,1.9083751246063718,1.147306121757863,-0.7403150772321331,-0.4744767335553956,0.16829306967010615,1.2364630008145976,-0.7095597028668157,0.908732334053829,Call It What You Want,reputation
355,0.20883996316319167,-0.5211652087536318,0.08886851660834323,1.7709222190463239,0.7176193835790333,-0.9192357676836937,-0.8287513160892143,0.2500688486831171,New Year’s Day,reputation
567,0.024129020798543472,-1.348400303950014,0.016242403625564016,0.7139044808147659,0.01134269426755556,-1.5098420199812972,0.2277198011093188,-1.5941889103548763,Tim McGraw,Taylor Swift (Deluxe Edition)
568,-0.5880255298358621,-0.7466581737327264,-1.7929017305176786,-0.5141912728531131,0.6914609876786082,-0.5862254005023028,2.373168839112494,-0.9355254249841645,Picture To Burn,Taylor Swift (Deluxe Edition)
569,-0.01938840147284534,-1.5372328205971537,-0.7703141310105908,-0.16287034829638156,0.36884077157336526,-0.7621300702634406,-0.5091010806291454,-0.6720600308358796,Teardrops On My Guitar - Radio Single Remix,Taylor Swift (Deluxe Edition)
570,1.8530646031157458,-0.7390896339554182,-0.8926529151824151,-0.8868969493393849,-0.023535166933011244,-0.29137507352117986,0.24397320291237318,-1.7259216074290187,A Place in this World,Taylor Swift (Deluxe Edition)
571,0.06672375944810646,-1.2132894505051444,0.18348333276123074,-0.3797728321531462,-1.4012106843553984,1.5988272450731174,-0.6607994974576527,-1.7259216074290187,Cold As You,Taylor Swift (Deluxe Edition)
572,1.494021843427118,-0.9833742642119814,-0.6516770823582219,-1.0277002659726,0.08981788196883086,-0.35526659745714456,1.1270747008783264,-1.857654304503161,The Outside,Taylor Swift (Deluxe Edition)
573,-0.9525089663855295,-0.9751740521767766,0.3876030976854644,0.5611562527466218,-0.8693233010467553,0.6809564908943267,-1.0346277389279028,-1.857654304503161,Tied Together with a Smile,Taylor Swift (Deluxe Edition)
574,0.3407647810117076,-1.394660611665276,0.11275664203328163,-0.7775292180425937,0.13341520846953936,0.22603385125643324,0.6557260485897503,-1.9893870015773036,Stay Beautiful,Taylor Swift (Deluxe Edition)
575,1.141502630915904,-1.016395456413643,0.25283824495587137,-1.0112340069868542,-0.8954816969471803,1.3616853913244789,0.4823564293571703,-1.0672581220583068,Should've Said No,Taylor Swift (Deluxe Edition)
576,0.9928162139900364,-0.9915964495422861,-0.48027176078994066,-0.9886272692327689,-1.5320026638575235,-1.5444733494265486,-0.04858802954260521,-1.462456213280734,Mary's Song (Oh My My My),Taylor Swift (Deluxe Edition)
577,1.8791939651505605,-0.9023509594741095,-0.8310090590218083,-0.7035990756576118,0.7786556406800252,-1.1038216904527487,0.8453490696253846,-0.5403273337617372,Our Song,Taylor Swift (Deluxe Edition)
578,-0.4034665812989063,0.8997388393388911,-0.48027176078994066,-1.0288917021515316,-0.13688821583485336,0.6122246999935167,0.731575257004004,-1.5941889103548763,I'm Only Me When I'm With You,Taylor Swift (Deluxe Edition)
579,0.5130960716727868,-1.4227167190825176,-0.7703141310105908,0.9033122836192647,0.29036558387209,-0.8855412641026056,-0.8124979142861599,-1.857654304503161,Invisible,Taylor Swift (Deluxe Edition)
580,0.1693114125594339,-0.44552052628556105,-0.2895755493323369,-1.0320383156497355,-0.8344454398461885,0.9909521693460966,-0.6228748932505257,-1.9893870015773036,A Perfectly Good Heart,Taylor Swift (Deluxe Edition)
581,-0.8825699720295275,0.49107799156269305,-1.5671603597507393,-0.9198905666021039,-1.0437126070495888,2.361996821549676,0.5419522359683697,-1.7259216074290187,Teardrops on My Guitar - Pop Version,Taylor Swift (Deluxe Edition)
